Year,Promotion,Prenom,Nom
2024,GPP,Garrot,Skelding
2015,CPS,Dorthea,Vinnick
2018,ASI,Conrade,Espinel
2016,CPS,Northrop,Stairmond
2019,ASI,Mollee,Vader
2016,CPS,Debera,Kelloch
2020,CPS,Aurilia,Topley
2018,GPP,Romona,Sowter
2023,PSSI,Linnet,Rablen
2020,CPS,Denna,Darwen
2021,CPS,Marilyn,Stidson
2018,ASI,Florenza,Askin
2021,GPP,Kettie,Andrus
2024,PSSI,Analise,Mix
2017,GPP,Gareth,Doxsey
2024,GPP,Silvan,Fairhall
2018,ASI,Kacie,Neilson
2018,ASI,Gerhardt,Konke
2023,PSSI,Cherida,Vockings
2017,ASI,Fransisco,Ciccerale
2016,GPP,Bealle,McArdell
2015,PSSI,Jarrod,Burvill
2024,PSSI,Livvy,Fellini
2021,CPS,Tom,Roscher
2015,CPS,Tessa,Harget
2019,PSSI,Winnifred,Sisey
2019,ASI,Carmel,Groll
2016,CPS,Glenden,Marioneau
2021,CPS,Ursola,Dickerson
2019,ASI,Erroll,Kenworthey
2024,PSSI,Selie,Ricks
2018,ASI,Aurlie,Diwell
2024,PSSI,Maria,Clissett
2024,CPS,Mitzi,Ever
2020,GPP,Claudie,Sirey
2018,CPS,Lillian,Dobell
2023,PSSI,Catha,Evenett
2017,GPP,Rosene,Vanichkin
2024,CPS,Oralie,Glas
2019,ASI,Merrick,Quinby
2023,CPS,Sada,Stather
2018,CPS,Maddie,Baldack
2023,ASI,Maximilian,Londer
2023,ASI,Tiphani,Sarath
2023,GPP,Raul,Cannell
2020,CPS,Michele,Stoneley
2024,CPS,Aurel,Paynton
2023,CPS,Leanor,Vernalls
2021,ASI,Stanton,Schooling
2015,PSSI,Sabra,Abbess
2016,GPP,Nilson,Madge
2016,PSSI,Phylys,Sloyan
2019,ASI,Jere,Chesterman
2018,PSSI,Dorelle,Hambright
2021,GPP,Melva,Tidridge
2024,PSSI,Smitty,Newberry
2023,ASI,Muhammad,Upchurch
2023,PSSI,Kippy,Stelljes
2016,PSSI,Milton,Petrak
2019,GPP,Kyrstin,Dybell
2017,PSSI,Kelley,Mackrill
2017,GPP,Goran,Cleaveland
2020,GPP,Felisha,Klejin
2023,PSSI,Agustin,Burchill
2019,CPS,Selig,Winn
2019,PSSI,Dudley,Tullot
2019,ASI,Burty,Thorald
2021,CPS,Gaultiero,Bernasek
2023,GPP,Nahum,Mushrow
2017,GPP,Perkin,De Gregario
2017,CPS,Adrianne,Sillick
2024,PSSI,Pernell,Flamank
2018,CPS,Keri,Lovegrove
2016,CPS,Jesse,Hathaway
2023,ASI,Claribel,Wiffield
2021,CPS,Nadine,Shackel
2017,CPS,Pris,O'Murtagh
2020,PSSI,Issi,Felstead
2019,PSSI,Elia,Trousdell
2021,PSSI,Phebe,Chominski
2016,PSSI,Darrell,Shemelt
2016,ASI,Spense,Youdell
2015,CPS,Miles,Deverill
2019,PSSI,Emelda,Sired
2024,ASI,Valentina,Villa
2016,GPP,Janet,Veitch
2023,CPS,Michelina,McGaugey
2018,GPP,Fernando,Letch
2021,CPS,Leela,Simenel
2016,GPP,Kim,Bluck
2018,CPS,Harper,Parkhouse
2021,PSSI,Jermain,Shirer
2018,ASI,Filide,Lawlor
2023,PSSI,Barbara,Oliveira
2024,ASI,Barty,Gomes
2024,GPP,Bertrando,Melling
2017,GPP,Anatole,Donneely
2023,CPS,Rad,Maestrini
2020,GPP,Hilliary,Ortmann
2016,GPP,Winslow,Cliff
2015,ASI,Phillida,Saffill
2020,GPP,Mohandis,Mart
2016,ASI,Natka,Bohden
2017,ASI,Charis,Cristoforo
2024,ASI,Ynez,Drable
2017,ASI,Shaine,Druitt
2021,PSSI,Taite,Fitch
2021,GPP,Curr,Guiton
2016,CPS,Arliene,Tamlett
2015,CPS,Fraze,Spring
2024,ASI,Yardley,Clohessy
2020,GPP,Moe,Spurgin
2020,CPS,Persis,Zukierman
2018,ASI,Idaline,Grishanin
2017,GPP,Esra,Cradoc
2019,PSSI,Reinaldos,Swinerd
2020,ASI,Monroe,Salack
2024,PSSI,Dell,Baudinelli
2024,PSSI,Isiahi,Regan
2018,CPS,Sloane,Jakeman
2019,CPS,Gianna,Peris
2019,ASI,Merilyn,Josephov
2020,PSSI,Zara,Haythornthwaite
2024,GPP,Thalia,Blunsden
2015,GPP,Juditha,Quayle
2015,GPP,Charlotta,Brahan
2020,GPP,Andree,Scriven
2020,CPS,Daria,Leap
2016,CPS,Henka,Wake
2015,PSSI,Dunn,Cusack
2020,CPS,Emilee,Smaleman
2024,ASI,Marylinda,O'Corrane
2020,PSSI,Luelle,Fomichyov
2023,ASI,Giffer,Sammons
2020,ASI,Stephani,Bowbrick
2021,PSSI,Ulises,Tuckwell
2023,GPP,Erminia,Nunn
2021,CPS,Lindsey,Clemenzo
2015,GPP,Camey,Belfield
2019,PSSI,Cati,Van den Broek
2021,ASI,Walt,Roisen
2016,CPS,Kienan,Sleit
2018,CPS,Gus,Charnock
2024,PSSI,Sunny,Risebarer
2018,PSSI,Harley,Giovannoni
2019,ASI,Byrle,Virr
2023,ASI,Hillie,Cabotto
2024,GPP,Clive,Ollett
2019,CPS,Clevie,Angear
2024,ASI,Olivier,Gounet
2021,PSSI,Alvinia,Firle
2018,ASI,Tracee,Tiery
2024,PSSI,Alidia,Clapton
2019,GPP,Bobbie,Ysson
2017,CPS,Bendite,Chaney
2024,PSSI,Chalmers,Cottey
2018,CPS,Lion,Sodory
2024,CPS,Cherry,Easom
2019,CPS,Salomi,Undrill
2019,CPS,Coleman,Lucus
2018,GPP,Jena,Tinniswood
2020,GPP,Jaye,Witts
2020,ASI,Maud,Curton
2021,ASI,Mose,Witsey
2018,PSSI,Lorraine,McGilbon
2018,CPS,Glennie,Pickton
2024,ASI,Casie,Langthorne
2023,CPS,Rog,Tuxell
2017,PSSI,Jonathon,Marcome
2016,GPP,Sherri,Osbidston
2020,CPS,Adan,Ligertwood
2015,PSSI,Julee,Skirven
2021,GPP,Morten,Hector
2020,GPP,Tye,Forstall
2019,ASI,Errick,Bleacher
2018,PSSI,Ethel,Deaville
2018,PSSI,Sheppard,Osbaldstone
2020,ASI,Jerry,Menelaws
2023,ASI,Adelind,Chaise
2017,CPS,Celesta,Atling
2020,ASI,Winona,Forryan
2016,CPS,Stefan,Walasik
2020,PSSI,Cazzie,Soff
2021,ASI,Quentin,Mayston
2015,ASI,Elijah,Francklin
2016,GPP,Donal,Nixon
2024,PSSI,Kliment,Blyden
2021,PSSI,Jeanie,Glencrosche
2015,ASI,Berti,Manketell
2020,CPS,Guenna,Stangoe
2021,PSSI,Charmion,O'Currane
2021,PSSI,Ingaberg,McMurtyr
2016,GPP,Fred,Plampin
2024,PSSI,Thor,Espinoza
2018,CPS,Nataniel,Schowenburg
2019,CPS,Muffin,Priestner
2024,CPS,Akim,Mainds
2023,PSSI,Urbanus,Leversuch
2023,GPP,Fergus,Tomaszynski
2017,CPS,Madelon,Bindon
2024,PSSI,Ellissa,Petrovsky
2017,GPP,Jenn,Medina
2015,ASI,Nadeen,Sangster
2024,CPS,Link,Krugmann
2024,PSSI,Law,Agnew
2021,GPP,Ceciley,Lavallin
2024,GPP,Nettie,Winsper
2021,PSSI,Nikolos,Richardson
2016,GPP,Valaria,Riby
2023,ASI,Kelsey,McQuorkel
2019,PSSI,Yank,Sevier
2019,CPS,Naomi,Sherbourne
2024,CPS,Vida,Bellord
2024,CPS,Ajay,Slowan
2023,ASI,Graeme,Zorener
2019,CPS,Glori,Wanjek
2021,GPP,Cynthy,Lambis
2018,GPP,Lolita,Waszczyk
2016,PSSI,Hew,Pinkard
2021,GPP,Fiona,Shoreman
2016,GPP,Marika,Merrell
2023,PSSI,Ciro,Darley
2021,GPP,Meade,Seakes
2021,CPS,Morly,Griss
2015,GPP,Packston,McKerrow
2019,CPS,Camille,Klageman
2021,PSSI,Bond,Hinchon
2024,ASI,Reena,Minger
2015,CPS,Giavani,Imrie
2017,PSSI,Deeyn,Loweth
2018,ASI,Ches,Allsop
2019,ASI,Ophelie,Cooney
2019,PSSI,Annemarie,Underwood
2023,PSSI,Vidovik,Thurborn
2024,ASI,Carol,Andres
2019,ASI,Danika,Jasik
2017,GPP,Albert,Delgado
2023,CPS,Jabez,Stave
2017,CPS,Ellswerth,Orme
2023,CPS,Ulrich,Houndsom
2018,ASI,Steffi,Bater
2016,CPS,Caril,Battany
2017,CPS,Ettie,Zanre
2023,CPS,Katherine,Deathridge
2020,PSSI,Barde,Frigout
2024,GPP,Karylin,Ring
2024,PSSI,Adella,De Bernardis
2018,ASI,Eileen,Emmison
2017,GPP,Lazaro,Drance
2021,CPS,Audrey,Boick
2018,ASI,Charis,Macveigh
2015,PSSI,Gianina,Hrishanok
2017,ASI,Stafford,Aldous
2019,ASI,Buddy,Glassborow
2019,ASI,Kaleb,Sim
2021,ASI,Reggy,Maleck
2015,PSSI,Ashby,Ganning
2017,PSSI,Teodor,Driver
2019,PSSI,Sibylle,Ingle
2019,GPP,Regina,Dunderdale
2024,GPP,Carlee,Lassey
2019,ASI,Godard,Grzesiak
2021,GPP,Myles,Loges
2023,CPS,Shannon,Trousdale
2019,PSSI,Arlyn,Barnett
2021,CPS,Phillis,Cottem
2023,GPP,Annalee,Menure
2015,ASI,Stu,Hargraves
2015,CPS,Catarina,Howselee
2023,CPS,Nancey,Morrow
2021,GPP,Elinor,Maddock
2023,PSSI,Jo ann,Grunson
2016,CPS,Leoline,FitzGeorge
2018,CPS,Salaidh,Tommasuzzi
2016,ASI,Norman,Dradey
2020,PSSI,Quincy,Ebbitt
2015,CPS,Standford,Chalker
2020,ASI,Dyann,Timbridge
2016,GPP,Mella,Hedney
2021,GPP,Philis,Lowndes
2021,CPS,Fredrika,Olivello
2023,PSSI,Mavis,Falconar
2015,CPS,Arley,Cristoforo
2024,ASI,Brewer,Pettegree
2015,PSSI,Velvet,Rispen
2018,ASI,Kassie,Delaprelle
2021,ASI,Aretha,Kopecka
2018,ASI,Bev,Gierhard
2016,GPP,Northrop,Lassells
2021,GPP,Pennie,Congdon
2024,ASI,Vin,Rivard
2015,ASI,Jolyn,Basley
2019,GPP,Rogerio,Peschmann
2015,GPP,Carney,Couling
2019,GPP,Fran,Scay
2021,ASI,Rocky,Maken
2016,PSSI,Dion,Oertzen
2024,PSSI,Shandeigh,Jukes
2023,GPP,Lars,Beine
2024,GPP,Georgianna,Kneel
2018,GPP,Ambur,Ebben
2017,CPS,Debbie,Murdy
2020,GPP,Lorrie,Moore
2015,GPP,Arly,Kwietek
2021,ASI,Gizela,Goodin
2024,CPS,Orv,Hartlebury
2015,GPP,Dacia,Bentke
2018,CPS,Berk,Squelch
2015,ASI,Raleigh,Duckitt
2023,ASI,Elsa,Burridge
2017,PSSI,Clive,Yakobovicz
2016,PSSI,Hamnet,Cushion
2015,PSSI,Marylou,Larking
2018,GPP,Marcel,Moland
2017,PSSI,Zahara,Lamers
2019,GPP,Rosanna,Kaveney
2017,GPP,Florentia,Lukehurst
2016,GPP,Olympe,Mosby
2021,GPP,Meir,Legge
2021,GPP,Kandy,Philcox
2015,CPS,Clea,Skeemor
2018,ASI,Biron,Valintine
2019,ASI,Leola,Sweet
2018,PSSI,Dari,Fetherstan
2020,PSSI,Rachel,Jumeau
2017,ASI,Reggis,Bellingham
2015,CPS,Tremain,Jakubowicz
2020,CPS,Malena,Hackly
2021,CPS,Farra,Haddleston
2024,ASI,Avrom,Francioli
2024,GPP,Gwenore,Rodger
2020,GPP,Zane,Philpott
2018,GPP,Loise,Burgin
2019,GPP,Michel,O'Scollee
2021,GPP,Francklin,Hargate
2021,PSSI,Judith,Reisk
2023,CPS,Janella,Duckerin
2015,CPS,Casi,McEvon
2018,CPS,Inger,Febvre
2016,ASI,Torrie,Sottell
2024,CPS,Godfrey,Slimings
2024,PSSI,Karen,Thorndycraft
2020,GPP,Julina,McAdam
2023,GPP,Berrie,Guilayn
2016,GPP,Maje,Magill
2023,GPP,Laughton,Thewlis
2016,GPP,Wakefield,Eby
2016,PSSI,Florenza,Hogbourne
2021,PSSI,Colline,Lentsch
2020,PSSI,Nestor,Crome
2019,GPP,Bartie,Radish
2016,CPS,Christye,Burbank
2016,GPP,Bearnard,Wyse
2015,GPP,Ede,Blomefield
2019,ASI,Daffy,Angrave
2015,CPS,Kasey,Krzyzaniak
2019,PSSI,Emmott,Kolin
2017,CPS,Mil,Bakhrushkin
2016,PSSI,Reinold,Strainge
2016,PSSI,Teodoro,Jamieson
2015,ASI,Giles,Pes
2016,ASI,Florina,Lishmund
2021,GPP,Roddie,Pyle
2018,ASI,Gabriela,Ossulton
2018,ASI,Marlo,Hadeke
2019,GPP,Vincenz,Jancik
2017,GPP,Sandye,Berth
2024,GPP,Duane,Yelding
2018,PSSI,Ariela,Coil
2020,ASI,Susannah,Sired
2016,ASI,Charo,Deavin
2017,PSSI,Belia,Springtorpe
2020,ASI,Kahlil,Truwert
2024,CPS,Cheryl,Giffard
2019,PSSI,Tilly,Whitchurch
2020,PSSI,Anatola,Echalier
2015,GPP,Briano,Hagland
2023,PSSI,Kaylee,Pegden
2017,ASI,Darby,Martusewicz
2021,ASI,Ingra,Adan
2021,GPP,Dion,Orgel
2020,CPS,Petronilla,Over
2019,GPP,Zaneta,Stot
2024,PSSI,Philis,Coomber
2023,PSSI,Bourke,Hedger
2020,GPP,Lammond,Ivanyushin
2021,CPS,Jasmin,Roeby
2024,ASI,Antone,Steade
2020,PSSI,Christiano,MacMorland
2023,PSSI,Vaclav,Gaytor
2015,GPP,Lynnett,Nuss
2015,ASI,Rickert,Laurisch
2016,GPP,Bobbi,Turnpenny
2015,GPP,Skyler,Matthiesen
2024,PSSI,Ernaline,Erdely
2023,GPP,Maureen,Oakhill
2015,CPS,Geoff,Normadell
2020,CPS,Ethelyn,Tanby
2018,PSSI,Janos,Walsh
2020,PSSI,Austen,Whyard
2019,ASI,Kristan,Bortolussi
2023,GPP,Corby,Leroy
2018,CPS,Sidoney,Dmitr
2016,ASI,Dieter,Rickaby
2016,PSSI,Ysabel,Georgeon
2015,PSSI,Noam,Readshaw
2015,PSSI,El,Vlach
2023,PSSI,Nicko,Egle
2015,GPP,Laughton,Abrahamsohn
2018,GPP,Homer,O'Gavin
2018,GPP,Reinaldos,Hairyes
2019,ASI,Oswell,Pixton
2018,CPS,Verne,Blurton
2023,PSSI,Carole,Clyde
2016,PSSI,Bernard,Breckin
2017,ASI,Helaine,Cloake
2020,CPS,Burgess,Labern
2021,GPP,Andros,Ortiga
2018,GPP,Reeva,Krates
2021,ASI,Corbie,Brightie
2019,PSSI,Connie,Legrave
2015,ASI,Nissie,Lightwing
2018,GPP,Gweneth,Keelin
2024,PSSI,Modesta,Simenon
2016,ASI,Marylee,Jeremaes
2021,GPP,Carroll,Llywarch
2024,GPP,Marita,Gabbott
2024,PSSI,Adria,Cockill
2016,PSSI,Tara,Alcock
2019,PSSI,Nicolai,Debrett
2023,PSSI,Cathe,Kempshall
2016,PSSI,Shea,Scarbarrow
2016,GPP,Casi,Blackborne
2016,PSSI,Cecilia,Pakes
2023,CPS,Claudetta,Astles
2020,PSSI,Elisha,McConnell
2020,GPP,Alan,Izkoveski
2024,PSSI,Homer,Gallyon
2024,GPP,Sharon,Grzelczak
2021,CPS,Gian,Hovell
2024,GPP,Garek,Driffield
2015,GPP,Upton,Halsey
2019,ASI,Aggie,Veness
2024,CPS,Dilly,Tomenson
2015,PSSI,Ermengarde,Tesyro
2020,ASI,Richy,Kelleher
2016,GPP,Talbert,Basketter
2017,PSSI,Brendon,Stamper
2023,PSSI,Nevile,Valder
2019,ASI,Hardy,Dowty
2015,CPS,Agretha,Grzegorzewski
2015,PSSI,Broddy,Lowres
2015,ASI,Georgina,Povey
2015,GPP,Rutger,Sexcey
2024,PSSI,Christyna,Whitcombe
2017,CPS,Noreen,Ordelt
2021,ASI,Rebecca,Relton
2020,GPP,Zonda,Thiese
2021,GPP,Hazlett,Riccio
2020,CPS,Pierette,Atheis
2024,GPP,Mycah,Valeri
2024,CPS,Worthy,Woodhead
2018,GPP,Maurine,Morfield
2015,CPS,Abby,O'Haire
2015,GPP,Tucky,Brabyn
2024,PSSI,Livvie,Zorzoni
2015,ASI,Eleonore,Tolhurst
2015,GPP,Alexandrina,Foord
2024,GPP,Roarke,Bunny
2017,GPP,Wrennie,Avrahamian
2020,ASI,Tadd,Chiene
2016,CPS,Kienan,Carnier
2021,ASI,Horten,Morcom
2019,GPP,Galina,Jakucewicz
2020,GPP,Florrie,Lardner
2021,PSSI,Garrot,Orteaux
2021,GPP,Cullan,Andreichik
2015,PSSI,Nick,Applegate
2019,ASI,Moyra,Brindle
2024,GPP,Merrily,Scutchin
2021,ASI,Brenna,McGonigal
2017,GPP,Gene,Mannagh
2016,GPP,Celisse,Yankishin
2019,ASI,Liuka,Guitel
2018,CPS,Odessa,Insole
2015,CPS,Chandra,Wooffitt
2017,ASI,Halie,Saddleton
2020,CPS,Terrell,Woller
2017,PSSI,Nelia,Woolger
2020,PSSI,Robers,Miche
2023,PSSI,Roze,Lurcock
2016,CPS,Skelly,Morston
2016,ASI,Hogan,Geldeford
2015,GPP,Mitch,Panchin
2015,GPP,Flossi,Ferrelli
2017,CPS,Consuela,Mandrey
2023,CPS,Florri,Josilevich
2018,CPS,Winthrop,Goulbourne
2016,ASI,Felicdad,Darington
2024,CPS,Vi,Cherry
2023,PSSI,Tami,Alker
2017,GPP,Denver,Kupka
2024,ASI,Mariellen,Hallen
2017,PSSI,Roslyn,Oxteby
2019,ASI,Madalena,Thow
2016,PSSI,Veda,Luckes
2020,PSSI,Freddie,Belamy
2015,CPS,Hi,Salmons
2018,PSSI,Danyette,Lapree
2017,CPS,Elliott,Hazel
2019,ASI,Noreen,Bardwall
2016,GPP,Fulton,Creeber
2019,CPS,Marline,Brant
2019,PSSI,Petronia,Kincade
2016,ASI,Tamara,Kanter
2024,PSSI,Alexandre,Toffel
2019,CPS,Hedy,Crace
2018,GPP,Gaven,L'oiseau
2024,PSSI,Tiffanie,Masterton
2017,PSSI,Skippy,Brobeck
2024,ASI,Wendell,Byart
2023,CPS,Adey,Faas
2016,ASI,Donn,Petranek
2015,CPS,Aurilia,Hollibone
2017,PSSI,Grete,Thrower
2017,CPS,Bear,Steuhlmeyer
2023,CPS,Collette,McMurthy
2017,ASI,Dalli,O'Kielt
2019,CPS,Kandy,Rosten
2018,GPP,Chuck,Struis
2015,ASI,Hayyim,Ruhben
2015,ASI,Lola,Borrow
2016,CPS,Roana,Dreghorn
2023,PSSI,Ivie,Patria
2019,GPP,Michele,Jillings
2018,GPP,Glad,Middlewick
2023,GPP,Sharleen,Swinn
2015,GPP,Electra,Silvermann
2019,CPS,Ortensia,Carver
2019,CPS,Billi,Hallstone
2015,PSSI,Lenna,Collman
2021,GPP,Stephie,Giacobillo
2020,CPS,Olav,Hovard
2016,CPS,Yule,Juszkiewicz
2017,PSSI,Lukas,Daintith
2016,ASI,Arnold,Birden
2024,ASI,Pancho,O'Lenane
2015,CPS,Sianna,Zealy
2019,CPS,Donny,Abbatini
2020,ASI,Aubrie,Ivushkin
2015,PSSI,Mitchael,Simeone
2015,ASI,Currey,Whotton
2016,PSSI,Rollin,McCallum
2024,GPP,Dulcinea,Pepi
2021,GPP,Essa,Aim
2021,PSSI,Dacie,Petken
2024,GPP,Rafaello,Chattey
2019,PSSI,Lula,Rossoni
2015,CPS,Ike,Delf
2024,GPP,Herman,Baggelley
2023,ASI,Phillipp,Willock
2015,CPS,Kerry,Playle
2020,ASI,Redd,Baribal
2015,PSSI,Aurore,Jaggs
2016,CPS,Amalee,Humphrys
2019,CPS,Frannie,D'eathe
2020,PSSI,Timmy,Kilduff
2023,CPS,Timotheus,Tidcombe
2020,CPS,Patricio,Poznan
2024,CPS,Fredra,Blackney
2015,GPP,Cynthia,Lownes
2021,PSSI,Kimble,Bourdas
2018,PSSI,Bernardina,DelaField
2015,CPS,Odetta,Jakab
2023,CPS,Rora,Shoebotham
2015,CPS,Odelle,Haining
2023,PSSI,Hyacinthia,Coughlin
2024,CPS,Sasha,Gellibrand
2018,CPS,Kerry,Fitter
2017,GPP,Vaughn,Rabat
2021,PSSI,Myrle,Corgenvin
2015,ASI,Archibold,Murkin
2017,GPP,Cathlene,Prater
2018,PSSI,Ira,Fake
2016,PSSI,Glenden,Carrell
2021,GPP,Carlota,Claque
2017,PSSI,Catherine,Moulds
2021,GPP,Rubina,Beedom
2023,CPS,Stavros,Barneveld
2020,ASI,Gretna,Druce
2021,ASI,Cassey,Doughill
2019,CPS,Vinni,Sainsbury-Brown
2016,ASI,Chrissy,Ofield
2023,CPS,Jessie,Horbart
2020,ASI,Tamarah,Safhill
2024,ASI,Jonell,Scotchmer
2015,PSSI,Darrick,Bonney
2020,PSSI,Law,Teaser
2017,ASI,Carver,Gimbrett
2017,ASI,Rae,Marcos
2024,ASI,Dulci,Eakle
2019,CPS,Virgina,Dorkins
2015,PSSI,Elvira,Stammer
2021,PSSI,Gris,Jerrand
2024,PSSI,Ella,Kenner
2021,CPS,Mara,Stellman
2019,GPP,Fawnia,Zupo
2024,ASI,Ryley,Skitt
2020,PSSI,Donna,Berling
2021,PSSI,Micaela,Evitts
2018,GPP,Chet,Omrod
2015,CPS,Henry,Jozwik
2015,PSSI,Miranda,Nawton
2024,CPS,Hedwig,Dalla
2020,GPP,Augusta,Stiegar
2016,CPS,Lorine,Dagleas
2015,CPS,Lilllie,Lemmer
2024,ASI,Trumann,Marchetti
2021,PSSI,Shelly,Jedrys
2018,PSSI,Rowen,Lideard
2020,PSSI,Dorie,Veivers
2020,PSSI,Sadye,Dellenbrok
2024,ASI,Ring,Andre
2018,ASI,Harwilll,D'orsay
2020,CPS,Keri,Lepick
2017,ASI,Roz,Filippello
2019,PSSI,Ansley,Eefting
2017,CPS,Say,Ison
2021,GPP,Bibbye,Bramall
2024,ASI,Giles,Drance
2024,CPS,Sonny,Dominelli
2024,CPS,Vida,Hestrop
2016,CPS,Karlens,Castro
2015,ASI,Deb,Oliphant
2018,ASI,Branden,Klimowicz
2023,CPS,Kati,Siggery
2020,PSSI,Hogan,Antrum
2023,ASI,Luelle,Menhci
2018,GPP,Laureen,Galvan
2018,GPP,Ronni,Loveard
2024,ASI,Eduard,Becom
2016,ASI,Cary,McEnery
2020,ASI,Twila,Pankhurst.
2018,CPS,Asher,Kunkler
2023,PSSI,Mady,Glisenan
2018,CPS,Marcelle,Witch
2015,ASI,Walther,Stegel
2023,CPS,Pinchas,Carswell
2018,GPP,Forbes,Gannon
2021,CPS,Colette,Iorillo
2019,PSSI,Ralina,Scrane
2018,ASI,Holt,Langford
2018,ASI,Dana,Inglesent
2024,PSSI,Chilton,Ellit
2023,PSSI,Dorita,McCord
2024,CPS,Baxy,Karolowski
2023,GPP,Philip,Beane
2023,PSSI,Mitch,Ridde
2018,GPP,Danya,Blunn
2021,ASI,Dorolisa,Glowacz
2021,PSSI,Jennine,Lysons
2024,GPP,Elisabet,Lebarree
2019,CPS,Jorie,Linbohm
2017,CPS,Tiffi,Mewrcik
2020,PSSI,Jeff,Santon
2015,GPP,Jordan,Harkin
2018,ASI,Georg,Scotchmoor
2015,CPS,Say,Waistell
2024,GPP,Rik,Shilton
2019,PSSI,Dunstan,Goodacre
2024,GPP,Stafani,Betonia
2019,PSSI,Mureil,Garmon
2017,GPP,Justine,Rodson
2023,CPS,Hinda,Muccino
2020,CPS,Demetri,Blinerman
2019,PSSI,Gabriell,Pezey
2018,PSSI,Kandy,Bischoff
2023,GPP,Norrie,Shawcroft
2021,CPS,Ronalda,Essery
2024,PSSI,Gilly,Coltart
2015,PSSI,Amara,Prando
2024,ASI,Rickard,Comrie
2020,ASI,Hallie,Howson
2016,PSSI,Gabie,Wetter
2018,PSSI,Berta,Terris
2017,ASI,Kacy,Sciacovelli
2023,GPP,Franzen,Eldershaw
2024,PSSI,Gibby,Fawltey
2023,CPS,Arvin,Gierek
2018,PSSI,Virginie,Pidler
2018,PSSI,Audry,Kares
2018,ASI,Filmore,Impson
2021,PSSI,Kerry,Cornier
2020,GPP,Wilone,Clemo
2017,CPS,Cordy,Bindin
2017,ASI,Kristos,Gaish
2021,GPP,Adam,Dilger
2021,ASI,Derron,O'Hern
2024,GPP,Ros,Towl
2015,PSSI,Katusha,O'Glessane
2016,GPP,Stephani,Lyngsted
2018,CPS,Christen,Lennarde
2021,GPP,Aila,Kenyam
2024,ASI,Lotte,Gannon
2016,GPP,Krisha,Brouwer
2020,PSSI,Holly-anne,Ingles
2019,ASI,Ransom,Sparsholt
2018,PSSI,Tracee,Mankor
2017,GPP,Kimmy,Earp
2016,PSSI,Cleon,Will
2016,ASI,Richart,Quixley
2018,GPP,Randene,Kinnaird
2016,PSSI,Sherwynd,Prout
2015,ASI,Clara,Stood
2016,GPP,Chiquia,Clawe
2024,PSSI,Franni,Bradane
2018,ASI,Ware,Radenhurst
2020,CPS,Eugine,Glawsop
2017,ASI,Dorie,Harverson
2024,PSSI,Sebastien,Knock
2017,ASI,Waring,Moral
2020,PSSI,Wally,Donohue
2023,ASI,Sapphire,Farfull
2019,ASI,Robinett,Petrushkevich
2018,PSSI,Jorgan,Cheake
2018,CPS,Gill,Caughan
2015,CPS,Ethan,Arondel
2018,ASI,Sampson,Beseke
2024,ASI,Retha,Espinay
2024,PSSI,Ninnetta,Clare
2021,GPP,Bernhard,Atterley
2021,CPS,Neron,Ivantsov
2019,GPP,Cyndi,Huet
2016,ASI,Kendrick,Camocke
2021,CPS,Lennie,Kinleyside
2015,GPP,Essy,Mularkey
2023,GPP,Julissa,MacTavish
2023,ASI,Olenolin,Nann
2023,CPS,Bondy,Watsham
2015,GPP,Vasilis,Urey
2021,GPP,Aimil,Broad
2021,CPS,Bailey,Gligorijevic
2021,ASI,Maxy,McMains
2015,ASI,Olivero,Warbrick
2019,GPP,Debbie,Nussii
2021,CPS,Jeanie,Franke
2015,ASI,Waylen,Larne
2018,CPS,Parry,Tessyman
2024,CPS,Tamra,Canham
2015,CPS,Cicily,McCollum
2019,GPP,Pedro,Tommeo
2019,GPP,Royce,Culpen
2020,PSSI,Chuck,Purdon
2018,ASI,Nonnah,Shreeve
2016,ASI,Bonny,Rothschild
2023,CPS,Dunn,Aleveque
2016,GPP,Harv,Pudan
2017,CPS,Sybilla,Lack
2021,ASI,Cody,Fredy
2023,CPS,Avictor,Vassel
2017,ASI,Patty,Karby
2017,CPS,Tamara,Collabine
2021,ASI,Halsy,Burgoin
2019,GPP,Elsi,Kingman
2020,GPP,Leann,Hargerie
2023,ASI,Sylvan,Oram
2020,ASI,Gerhardt,Newiss
2018,CPS,Kermit,Franca
2018,ASI,Consalve,Niave
2024,GPP,Merwyn,Halcro
2016,ASI,Timoteo,Bassick
2020,GPP,Reese,Alfonsetti
2020,GPP,Vachel,Larver
2020,GPP,Heloise,Potteridge
2021,ASI,Gilligan,Fowley
2017,PSSI,Tabina,O'Codihie
2015,CPS,Hugibert,Amberger
2017,PSSI,Camille,Kmieciak
2019,CPS,Haily,Brickett
2024,PSSI,Jeremy,Staziker
2024,GPP,Carlos,Clink
2017,ASI,Anita,Goodwill
2015,ASI,Ely,Tallman
2016,CPS,Bordie,Harvard
2024,ASI,Kellen,Crossgrove
2016,GPP,Kalle,Sarjent
2020,CPS,Mead,Mathonnet
2018,PSSI,Madelyn,Hume
2019,GPP,Mair,Dulany
2024,GPP,Dermot,Lunk
2021,GPP,Terencio,Roswarn
2024,GPP,Nadiya,Garritley
2021,CPS,Nydia,Larmor
2018,ASI,Jeniffer,Sinyard
2018,GPP,Christalle,Parsell
2018,CPS,Maxine,Briamo
2017,CPS,Breena,Tackes
2023,CPS,Ava,Kullmann
2015,GPP,Kellina,Leipoldt
2023,GPP,Aeriela,Wray
2021,ASI,Riordan,Le Noire
2020,CPS,Minor,Bramsom
2020,GPP,Derward,Padbury
2019,GPP,Dulcine,Bruhnicke
2019,CPS,Hildegarde,Pratton
2024,CPS,Vail,Dicks
2019,PSSI,Allayne,Fitzsymons
2024,CPS,Ward,Tukesby
2017,CPS,Sybille,Whiskerd
2018,GPP,Cullin,Franklin
2018,PSSI,Linnea,Menco
2018,GPP,Halli,Cleare
2017,CPS,Ashli,Ranscomb
2023,PSSI,Marabel,Closs
2024,ASI,Prentiss,Teodori
2024,ASI,Padraic,Loalday
2017,ASI,Betta,Covert
2019,PSSI,Hewie,Neggrini
2016,ASI,Marilee,Sawdy
2017,PSSI,Melony,Rossin
2016,GPP,Miguelita,Garstang
2016,PSSI,Arleen,Schriren
2021,CPS,Timi,Brech
2023,PSSI,Cyndie,Moff
2017,GPP,Nessa,O'Sharkey
2016,GPP,Karoly,Dowden
2016,GPP,Norrie,Jacques
2024,GPP,Bryon,Minchin
2019,ASI,Batsheva,Narramor
2021,PSSI,Carlina,Martindale
2023,PSSI,Reginald,Immings
2021,PSSI,Arnie,Szwandt
2024,ASI,Cecily,Patridge
2019,CPS,Maurine,Conroy
2015,PSSI,Caty,Romanini
2018,GPP,Swen,Suart
2021,ASI,Katherine,Fordyce
2016,CPS,Ceil,Wyborn
2021,GPP,Ulises,Doodson
2018,PSSI,Karin,Kobierzycki
2023,CPS,Beatrice,Liffey
2020,ASI,Morganica,Ellerby
2016,ASI,Nanine,Sherville
2021,GPP,Bobbe,Tarrier
2017,CPS,Davidson,Drinkwater
2019,CPS,Murial,Lightowlers
2019,GPP,Brenden,Trumble
2024,GPP,Moise,Cregg
2017,GPP,Hartwell,Eilers
2015,GPP,Ben,Kenington
2024,ASI,Ashleigh,Bartalini
2023,PSSI,Hynda,Dalligan
2019,CPS,Johnath,Strathearn
2017,GPP,Gabrielle,Hearon
2019,GPP,Adelina,Ogg
2015,PSSI,Mandi,Landre
2016,PSSI,Bonita,Fruish
2020,GPP,Coleen,Mugridge
2019,ASI,Everett,Jardine
2019,CPS,Timi,Deadman
2019,PSSI,Gennie,Standrin
2021,GPP,Sammy,Gounard
2016,PSSI,Pierson,Kearley
2024,CPS,Dillon,Carss
2020,GPP,Berti,Canny
2017,ASI,Ruthi,Schirok
2017,GPP,Jeanne,Grugerr
2018,GPP,Alla,Montier
2024,GPP,Loutitia,Crispe
2018,ASI,Cordelie,Mocker
2024,CPS,Helena,Bonicelli
2021,CPS,Marvin,Aaron
2016,PSSI,Marcus,Scrimshire
2019,PSSI,Jacqui,Maides
2021,CPS,Denni,Roon
2018,ASI,Haily,Taber
2020,GPP,Carny,Challicum
2016,GPP,Oralee,Emmitt
2020,CPS,Veronika,Bodsworth
2016,CPS,Stanford,O' Byrne
2023,CPS,Bogey,Week
2019,GPP,Elspeth,McTaggart
2018,ASI,Crystie,Ceney
2024,ASI,Tarrance,Eadon
2020,ASI,Kirk,Byfield
2017,GPP,Norene,Smidmor
2024,CPS,Derward,Dallywater
2017,GPP,Kingsley,Troni
2016,PSSI,Lowell,Drewery
2020,CPS,Adler,Souza
2024,PSSI,Murdock,Gerrens
2016,GPP,Hieronymus,Cappell
2021,CPS,Nappie,Reast
2020,CPS,Harley,Tukely
2017,PSSI,Tully,Fullylove
2020,GPP,Che,Androlli
2017,PSSI,Addia,Grimm
2017,PSSI,Olivie,MacIllrick
2021,ASI,Lonee,Meo
2024,PSSI,Mike,Lill
2021,GPP,Paton,Bruton
2024,PSSI,Rodolphe,Ingle
2015,ASI,Townsend,Elcome
2023,CPS,Sharyl,Rosengren
2016,CPS,Dix,Buckie
2019,PSSI,Davis,Dunbobbin
2018,GPP,Ardath,Gerding
2018,PSSI,Klaus,Sutherington
2016,CPS,Elana,Stambridge
2024,PSSI,Codie,Caesman
2017,CPS,Maurise,Wais
2016,GPP,Beilul,Padbery
2016,CPS,Mac,Fatscher
2018,CPS,Anette,Varker
2017,ASI,Kate,Keyho
2019,GPP,Demetre,Tidcomb
2019,GPP,Miguelita,Clawsley
2020,GPP,Dillon,Gjerde
2018,ASI,Delaney,Niles
2020,ASI,Warner,Brownsea
2021,GPP,Barbey,Schimpke
2024,ASI,Pavla,Bang
2018,CPS,Trina,Langlais
2017,ASI,Lebbie,Himsworth
2023,PSSI,Merridie,Daudray
2021,GPP,Milty,Poel
2021,PSSI,Kit,Campa
2021,ASI,Webster,Hinchon
2017,CPS,Marilin,Roman
2015,GPP,Philis,Grummitt
2023,GPP,Klarika,Climance
2023,PSSI,Min,Larner
2021,ASI,Beatrisa,Comettoi
2018,GPP,Isadore,Clemintoni
2017,GPP,Noell,Lawleff
2020,PSSI,Gar,Dionsetto
2021,GPP,Eugine,O'Hickey
2019,PSSI,Jonathon,Rothert
2020,PSSI,Rennie,Trees
2016,PSSI,Vinita,Saunder
2024,GPP,Guendolen,Merwood
2023,PSSI,Mead,Pindar
2015,ASI,Gussi,Boissieux
2017,PSSI,Micheal,Larkby
2016,PSSI,Dallis,Tunnoch
2024,GPP,Nissa,Micah
2020,ASI,Tracy,Callaghan
2020,GPP,Angelita,Ely
2021,ASI,Stesha,Millis
2024,ASI,Emogene,Brabin
2015,GPP,Ariana,Lober
2016,ASI,Louie,Holehouse
2021,CPS,Olwen,Stowe
2018,ASI,Shela,Janda
2019,GPP,Etta,Grubb
2015,ASI,Orland,Cottham
2020,CPS,Sasha,Bossons
2024,GPP,Veriee,Deerr
2024,GPP,Thornie,Lazarus
2020,ASI,Selinda,Tregidga
2024,GPP,Edeline,Kopacek
2024,GPP,Danny,Goane
2019,PSSI,Margery,Harewood
2015,GPP,Dore,Longstreeth
2019,ASI,Mirabella,Curtayne
2024,GPP,Garwood,Volk
2019,GPP,Chuck,Barriball
2015,ASI,Davide,Blueman
2017,PSSI,Dale,Henrych
2015,GPP,Darci,Syder
2024,ASI,Darrell,Rubke
2019,PSSI,Lishe,Sokell
2024,CPS,Perren,Harly
2019,PSSI,Silvan,Ginger
2016,CPS,Abey,Winks
2019,GPP,Calida,Adolfsen
2023,ASI,Katharina,Ruilton
2023,CPS,Derry,O'Sheerin
2015,PSSI,Kiri,Ghest
2018,GPP,Thornie,Gummary
2021,ASI,Sherline,Billson
2016,CPS,Marcello,Carletti
2019,CPS,Drona,Paiton
2020,CPS,Fidel,Sondland
2020,ASI,Jackson,Brayfield
2016,GPP,Betteanne,Janda
2020,CPS,Bealle,Gisborne
2018,PSSI,Tedie,McFeate
2015,GPP,Felix,Cotmore
2016,ASI,Lou,Tomney
2018,CPS,Georgeta,Starcks
2017,GPP,Siffre,Horrod
2020,CPS,Jarib,Giacoppo
2021,PSSI,Moria,Kesby
2021,GPP,Cate,Caccavella
2015,PSSI,Bendite,Reichardt
2018,CPS,Port,Viggers
2023,PSSI,Renado,Mandell
2020,ASI,Clerissa,Callway
2020,PSSI,Salem,Ruzic
